,f1-score,precision,recall,support
False,0.34894586070721767,0.5562694479658868,0.2542033679609222,75951.0
True,0.8878514711078803,0.8342894756088642,0.948762733630091,300582.0
accuracy,0.8086621889714846,0.8086621889714846,0.8086621889714846,0.8086621889714846
macro avg,0.618398665907549,0.6952794617873755,0.6014830507955066,376533.0
weighted avg,0.7791480639283218,0.7782096655536719,0.8086621889714846,376533.0
